httpexampleorgagent0profilecardme,srv03812,https://srv03812.soton.ac.uk:3000
httpexampleorgagent100profilecardme,srv03955,https://srv03955.soton.ac.uk:3000
httpexampleorgagent101profilecardme,srv03944,https://srv03944.soton.ac.uk:3000
httpexampleorgagent102profilecardme,srv03816,https://srv03816.soton.ac.uk:3000
httpexampleorgagent103profilecardme,srv03953,https://srv03953.soton.ac.uk:3000
httpexampleorgagent104profilecardme,srv03941,https://srv03941.soton.ac.uk:3000
httpexampleorgagent105profilecardme,srv03921,https://srv03921.soton.ac.uk:3000
httpexampleorgagent106profilecardme,srv03952,https://srv03952.soton.ac.uk:3000
httpexampleorgagent107profilecardme,srv03928,https://srv03928.soton.ac.uk:3000
httpexampleorgagent108profilecardme,srv03914,https://srv03914.soton.ac.uk:3000
httpexampleorgagent109profilecardme,srv03911,https://srv03911.soton.ac.uk:3000
httpexampleorgagent10profilecardme,srv03928,https://srv03928.soton.ac.uk:3000
httpexampleorgagent110profilecardme,srv03933,https://srv03933.soton.ac.uk:3000
httpexampleorgagent111profilecardme,srv03952,https://srv03952.soton.ac.uk:3000
httpexampleorgagent112profilecardme,srv03955,https://srv03955.soton.ac.uk:3000
httpexampleorgagent113profilecardme,srv03913,https://srv03913.soton.ac.uk:3000
httpexampleorgagent114profilecardme,srv03911,https://srv03911.soton.ac.uk:3000
httpexampleorgagent115profilecardme,srv03928,https://srv03928.soton.ac.uk:3000
httpexampleorgagent116profilecardme,srv03936,https://srv03936.soton.ac.uk:3000
httpexampleorgagent117profilecardme,srv03912,https://srv03912.soton.ac.uk:3000
httpexampleorgagent118profilecardme,srv03927,https://srv03927.soton.ac.uk:3000
httpexampleorgagent119profilecardme,srv03931,https://srv03931.soton.ac.uk:3000
httpexampleorgagent11profilecardme,srv03952,https://srv03952.soton.ac.uk:3000
httpexampleorgagent120profilecardme,srv03955,https://srv03955.soton.ac.uk:3000
httpexampleorgagent121profilecardme,srv03911,https://srv03911.soton.ac.uk:3000
httpexampleorgagent122profilecardme,srv03940,https://srv03940.soton.ac.uk:3000
httpexampleorgagent123profilecardme,srv03934,https://srv03934.soton.ac.uk:3000
httpexampleorgagent124profilecardme,srv03955,https://srv03955.soton.ac.uk:3000
httpexampleorgagent125profilecardme,srv03953,https://srv03953.soton.ac.uk:3000
httpexampleorgagent126profilecardme,srv03913,https://srv03913.soton.ac.uk:3000
httpexampleorgagent127profilecardme,srv03936,https://srv03936.soton.ac.uk:3000
httpexampleorgagent128profilecardme,srv03912,https://srv03912.soton.ac.uk:3000
httpexampleorgagent129profilecardme,srv03935,https://srv03935.soton.ac.uk:3000
httpexampleorgagent12profilecardme,srv03955,https://srv03955.soton.ac.uk:3000
httpexampleorgagent130profilecardme,srv03923,https://srv03923.soton.ac.uk:3000
httpexampleorgagent131profilecardme,srv03948,https://srv03948.soton.ac.uk:3000
httpexampleorgagent132profilecardme,srv03938,https://srv03938.soton.ac.uk:3000
httpexampleorgagent133profilecardme,srv03934,https://srv03934.soton.ac.uk:3000
httpexampleorgagent134profilecardme,srv03925,https://srv03925.soton.ac.uk:3000
httpexampleorgagent135profilecardme,srv03813,https://srv03813.soton.ac.uk:3000
httpexampleorgagent136profilecardme,srv03921,https://srv03921.soton.ac.uk:3000
httpexampleorgagent137profilecardme,srv03916,https://srv03916.soton.ac.uk:3000
httpexampleorgagent138profilecardme,srv03955,https://srv03955.soton.ac.uk:3000
httpexampleorgagent139profilecardme,srv03932,https://srv03932.soton.ac.uk:3000
httpexampleorgagent13profilecardme,srv03935,https://srv03935.soton.ac.uk:3000
httpexampleorgagent140profilecardme,srv03814,https://srv03814.soton.ac.uk:3000
httpexampleorgagent141profilecardme,srv03916,https://srv03916.soton.ac.uk:3000
httpexampleorgagent142profilecardme,srv03930,https://srv03930.soton.ac.uk:3000
httpexampleorgagent143profilecardme,srv03943,https://srv03943.soton.ac.uk:3000
httpexampleorgagent144profilecardme,srv03939,https://srv03939.soton.ac.uk:3000
httpexampleorgagent145profilecardme,srv03955,https://srv03955.soton.ac.uk:3000
httpexampleorgagent146profilecardme,srv03943,https://srv03943.soton.ac.uk:3000
httpexampleorgagent147profilecardme,srv03955,https://srv03955.soton.ac.uk:3000
httpexampleorgagent148profilecardme,srv03920,https://srv03920.soton.ac.uk:3000
httpexampleorgagent149profilecardme,srv03952,https://srv03952.soton.ac.uk:3000
httpexampleorgagent14profilecardme,srv03931,https://srv03931.soton.ac.uk:3000
httpexampleorgagent150profilecardme,srv03912,https://srv03912.soton.ac.uk:3000
httpexampleorgagent151profilecardme,srv03912,https://srv03912.soton.ac.uk:3000
httpexampleorgagent152profilecardme,srv03916,https://srv03916.soton.ac.uk:3000
httpexampleorgagent153profilecardme,srv03935,https://srv03935.soton.ac.uk:3000
httpexampleorgagent154profilecardme,srv03952,https://srv03952.soton.ac.uk:3000
httpexampleorgagent155profilecardme,srv03933,https://srv03933.soton.ac.uk:3000
httpexampleorgagent156profilecardme,srv03916,https://srv03916.soton.ac.uk:3000
httpexampleorgagent157profilecardme,srv03938,https://srv03938.soton.ac.uk:3000
httpexampleorgagent158profilecardme,srv03937,https://srv03937.soton.ac.uk:3000
httpexampleorgagent159profilecardme,srv03932,https://srv03932.soton.ac.uk:3000
httpexampleorgagent15profilecardme,srv03922,https://srv03922.soton.ac.uk:3000
httpexampleorgagent160profilecardme,srv03812,https://srv03812.soton.ac.uk:3000
httpexampleorgagent161profilecardme,srv03943,https://srv03943.soton.ac.uk:3000
httpexampleorgagent162profilecardme,srv03919,https://srv03919.soton.ac.uk:3000
httpexampleorgagent163profilecardme,srv03814,https://srv03814.soton.ac.uk:3000
httpexampleorgagent164profilecardme,srv03912,https://srv03912.soton.ac.uk:3000
httpexampleorgagent165profilecardme,srv03812,https://srv03812.soton.ac.uk:3000
httpexampleorgagent166profilecardme,srv03923,https://srv03923.soton.ac.uk:3000
httpexampleorgagent167profilecardme,srv03946,https://srv03946.soton.ac.uk:3000
httpexampleorgagent168profilecardme,srv03812,https://srv03812.soton.ac.uk:3000
httpexampleorgagent169profilecardme,srv03927,https://srv03927.soton.ac.uk:3000
httpexampleorgagent16profilecardme,srv03913,https://srv03913.soton.ac.uk:3000
httpexampleorgagent170profilecardme,srv03948,https://srv03948.soton.ac.uk:3000
httpexampleorgagent171profilecardme,srv03939,https://srv03939.soton.ac.uk:3000
httpexampleorgagent172profilecardme,srv03812,https://srv03812.soton.ac.uk:3000
httpexampleorgagent173profilecardme,srv03926,https://srv03926.soton.ac.uk:3000
httpexampleorgagent174profilecardme,srv03912,https://srv03912.soton.ac.uk:3000
httpexampleorgagent175profilecardme,srv03951,https://srv03951.soton.ac.uk:3000
httpexampleorgagent176profilecardme,srv03814,https://srv03814.soton.ac.uk:3000
httpexampleorgagent177profilecardme,srv03814,https://srv03814.soton.ac.uk:3000
httpexampleorgagent178profilecardme,srv03936,https://srv03936.soton.ac.uk:3000
httpexampleorgagent179profilecardme,srv03921,https://srv03921.soton.ac.uk:3000
httpexampleorgagent17profilecardme,srv03931,https://srv03931.soton.ac.uk:3000
httpexampleorgagent180profilecardme,srv03946,https://srv03946.soton.ac.uk:3000
httpexampleorgagent181profilecardme,srv03919,https://srv03919.soton.ac.uk:3000
httpexampleorgagent182profilecardme,srv03952,https://srv03952.soton.ac.uk:3000
httpexampleorgagent183profilecardme,srv03939,https://srv03939.soton.ac.uk:3000
httpexampleorgagent184profilecardme,srv03947,https://srv03947.soton.ac.uk:3000
httpexampleorgagent185profilecardme,srv03917,https://srv03917.soton.ac.uk:3000
httpexampleorgagent186profilecardme,srv03919,https://srv03919.soton.ac.uk:3000
httpexampleorgagent187profilecardme,srv03913,https://srv03913.soton.ac.uk:3000
httpexampleorgagent188profilecardme,srv03940,https://srv03940.soton.ac.uk:3000
httpexampleorgagent189profilecardme,srv03947,https://srv03947.soton.ac.uk:3000
httpexampleorgagent18profilecardme,srv03815,https://srv03815.soton.ac.uk:3000
httpexampleorgagent190profilecardme,srv03932,https://srv03932.soton.ac.uk:3000
httpexampleorgagent191profilecardme,srv03915,https://srv03915.soton.ac.uk:3000
httpexampleorgagent192profilecardme,srv03925,https://srv03925.soton.ac.uk:3000
httpexampleorgagent193profilecardme,srv03914,https://srv03914.soton.ac.uk:3000
httpexampleorgagent194profilecardme,srv03927,https://srv03927.soton.ac.uk:3000
httpexampleorgagent195profilecardme,srv03937,https://srv03937.soton.ac.uk:3000
httpexampleorgagent196profilecardme,srv03946,https://srv03946.soton.ac.uk:3000
httpexampleorgagent197profilecardme,srv03946,https://srv03946.soton.ac.uk:3000
httpexampleorgagent198profilecardme,srv03921,https://srv03921.soton.ac.uk:3000
httpexampleorgagent199profilecardme,srv03940,https://srv03940.soton.ac.uk:3000
httpexampleorgagent19profilecardme,srv03919,https://srv03919.soton.ac.uk:3000
httpexampleorgagent1profilecardme,srv03930,https://srv03930.soton.ac.uk:3000
httpexampleorgagent200profilecardme,srv03815,https://srv03815.soton.ac.uk:3000
httpexampleorgagent201profilecardme,srv03929,https://srv03929.soton.ac.uk:3000
httpexampleorgagent202profilecardme,srv03913,https://srv03913.soton.ac.uk:3000
httpexampleorgagent203profilecardme,srv03920,https://srv03920.soton.ac.uk:3000
httpexampleorgagent204profilecardme,srv03943,https://srv03943.soton.ac.uk:3000
httpexampleorgagent205profilecardme,srv03927,https://srv03927.soton.ac.uk:3000
httpexampleorgagent206profilecardme,srv03927,https://srv03927.soton.ac.uk:3000
httpexampleorgagent207profilecardme,srv03939,https://srv03939.soton.ac.uk:3000
httpexampleorgagent208profilecardme,srv03913,https://srv03913.soton.ac.uk:3000
httpexampleorgagent209profilecardme,srv03947,https://srv03947.soton.ac.uk:3000
httpexampleorgagent20profilecardme,srv03952,https://srv03952.soton.ac.uk:3000
httpexampleorgagent210profilecardme,srv03812,https://srv03812.soton.ac.uk:3000
httpexampleorgagent211profilecardme,srv03928,https://srv03928.soton.ac.uk:3000
httpexampleorgagent212profilecardme,srv03925,https://srv03925.soton.ac.uk:3000
httpexampleorgagent213profilecardme,srv03925,https://srv03925.soton.ac.uk:3000
httpexampleorgagent214profilecardme,srv03936,https://srv03936.soton.ac.uk:3000
httpexampleorgagent215profilecardme,srv03944,https://srv03944.soton.ac.uk:3000
httpexampleorgagent216profilecardme,srv03920,https://srv03920.soton.ac.uk:3000
httpexampleorgagent217profilecardme,srv03912,https://srv03912.soton.ac.uk:3000
httpexampleorgagent218profilecardme,srv03924,https://srv03924.soton.ac.uk:3000
httpexampleorgagent219profilecardme,srv03951,https://srv03951.soton.ac.uk:3000
httpexampleorgagent21profilecardme,srv03932,https://srv03932.soton.ac.uk:3000
httpexampleorgagent220profilecardme,srv03937,https://srv03937.soton.ac.uk:3000
httpexampleorgagent221profilecardme,srv03942,https://srv03942.soton.ac.uk:3000
httpexampleorgagent222profilecardme,srv03922,https://srv03922.soton.ac.uk:3000
httpexampleorgagent223profilecardme,srv03954,https://srv03954.soton.ac.uk:3000
httpexampleorgagent224profilecardme,srv03931,https://srv03931.soton.ac.uk:3000
httpexampleorgagent225profilecardme,srv03938,https://srv03938.soton.ac.uk:3000
httpexampleorgagent226profilecardme,srv03921,https://srv03921.soton.ac.uk:3000
httpexampleorgagent227profilecardme,srv03945,https://srv03945.soton.ac.uk:3000
httpexampleorgagent228profilecardme,srv03945,https://srv03945.soton.ac.uk:3000
httpexampleorgagent229profilecardme,srv03912,https://srv03912.soton.ac.uk:3000
httpexampleorgagent22profilecardme,srv03913,https://srv03913.soton.ac.uk:3000
httpexampleorgagent230profilecardme,srv03931,https://srv03931.soton.ac.uk:3000
httpexampleorgagent231profilecardme,srv03920,https://srv03920.soton.ac.uk:3000
httpexampleorgagent232profilecardme,srv03939,https://srv03939.soton.ac.uk:3000
httpexampleorgagent233profilecardme,srv03921,https://srv03921.soton.ac.uk:3000
httpexampleorgagent234profilecardme,srv03954,https://srv03954.soton.ac.uk:3000
httpexampleorgagent235profilecardme,srv03945,https://srv03945.soton.ac.uk:3000
httpexampleorgagent236profilecardme,srv03929,https://srv03929.soton.ac.uk:3000
httpexampleorgagent237profilecardme,srv03954,https://srv03954.soton.ac.uk:3000
httpexampleorgagent238profilecardme,srv03945,https://srv03945.soton.ac.uk:3000
httpexampleorgagent239profilecardme,srv03929,https://srv03929.soton.ac.uk:3000
httpexampleorgagent23profilecardme,srv03920,https://srv03920.soton.ac.uk:3000
httpexampleorgagent240profilecardme,srv03950,https://srv03950.soton.ac.uk:3000
httpexampleorgagent241profilecardme,srv03930,https://srv03930.soton.ac.uk:3000
httpexampleorgagent242profilecardme,srv03912,https://srv03912.soton.ac.uk:3000
httpexampleorgagent243profilecardme,srv03920,https://srv03920.soton.ac.uk:3000
httpexampleorgagent244profilecardme,srv03952,https://srv03952.soton.ac.uk:3000
httpexampleorgagent245profilecardme,srv03812,https://srv03812.soton.ac.uk:3000
httpexampleorgagent246profilecardme,srv03930,https://srv03930.soton.ac.uk:3000
httpexampleorgagent247profilecardme,srv03937,https://srv03937.soton.ac.uk:3000
httpexampleorgagent248profilecardme,srv03944,https://srv03944.soton.ac.uk:3000
httpexampleorgagent249profilecardme,srv03955,https://srv03955.soton.ac.uk:3000
httpexampleorgagent24profilecardme,srv03927,https://srv03927.soton.ac.uk:3000
httpexampleorgagent25profilecardme,srv03934,https://srv03934.soton.ac.uk:3000
httpexampleorgagent26profilecardme,srv03948,https://srv03948.soton.ac.uk:3000
httpexampleorgagent27profilecardme,srv03931,https://srv03931.soton.ac.uk:3000
httpexampleorgagent28profilecardme,srv03939,https://srv03939.soton.ac.uk:3000
httpexampleorgagent29profilecardme,srv03917,https://srv03917.soton.ac.uk:3000
httpexampleorgagent2profilecardme,srv03938,https://srv03938.soton.ac.uk:3000
httpexampleorgagent30profilecardme,srv03934,https://srv03934.soton.ac.uk:3000
httpexampleorgagent31profilecardme,srv03928,https://srv03928.soton.ac.uk:3000
httpexampleorgagent32profilecardme,srv03815,https://srv03815.soton.ac.uk:3000
httpexampleorgagent33profilecardme,srv03930,https://srv03930.soton.ac.uk:3000
httpexampleorgagent34profilecardme,srv03913,https://srv03913.soton.ac.uk:3000
httpexampleorgagent35profilecardme,srv03934,https://srv03934.soton.ac.uk:3000
httpexampleorgagent36profilecardme,srv03931,https://srv03931.soton.ac.uk:3000
httpexampleorgagent37profilecardme,srv03913,https://srv03913.soton.ac.uk:3000
httpexampleorgagent38profilecardme,srv03943,https://srv03943.soton.ac.uk:3000
httpexampleorgagent39profilecardme,srv03920,https://srv03920.soton.ac.uk:3000
httpexampleorgagent3profilecardme,srv03939,https://srv03939.soton.ac.uk:3000
httpexampleorgagent40profilecardme,srv03934,https://srv03934.soton.ac.uk:3000
httpexampleorgagent41profilecardme,srv03932,https://srv03932.soton.ac.uk:3000
httpexampleorgagent42profilecardme,srv03918,https://srv03918.soton.ac.uk:3000
httpexampleorgagent43profilecardme,srv03930,https://srv03930.soton.ac.uk:3000
httpexampleorgagent44profilecardme,srv03911,https://srv03911.soton.ac.uk:3000
httpexampleorgagent45profilecardme,srv03941,https://srv03941.soton.ac.uk:3000
httpexampleorgagent46profilecardme,srv03919,https://srv03919.soton.ac.uk:3000
httpexampleorgagent47profilecardme,srv03927,https://srv03927.soton.ac.uk:3000
httpexampleorgagent48profilecardme,srv03916,https://srv03916.soton.ac.uk:3000
httpexampleorgagent49profilecardme,srv03954,https://srv03954.soton.ac.uk:3000
httpexampleorgagent4profilecardme,srv03942,https://srv03942.soton.ac.uk:3000
httpexampleorgagent50profilecardme,srv03916,https://srv03916.soton.ac.uk:3000
httpexampleorgagent51profilecardme,srv03926,https://srv03926.soton.ac.uk:3000
httpexampleorgagent52profilecardme,srv03937,https://srv03937.soton.ac.uk:3000
httpexampleorgagent53profilecardme,srv03933,https://srv03933.soton.ac.uk:3000
httpexampleorgagent54profilecardme,srv03913,https://srv03913.soton.ac.uk:3000
httpexampleorgagent55profilecardme,srv03925,https://srv03925.soton.ac.uk:3000
httpexampleorgagent56profilecardme,srv03936,https://srv03936.soton.ac.uk:3000
httpexampleorgagent57profilecardme,srv03936,https://srv03936.soton.ac.uk:3000
httpexampleorgagent58profilecardme,srv03926,https://srv03926.soton.ac.uk:3000
httpexampleorgagent59profilecardme,srv03928,https://srv03928.soton.ac.uk:3000
httpexampleorgagent5profilecardme,srv03913,https://srv03913.soton.ac.uk:3000
httpexampleorgagent60profilecardme,srv03944,https://srv03944.soton.ac.uk:3000
httpexampleorgagent61profilecardme,srv03944,https://srv03944.soton.ac.uk:3000
httpexampleorgagent62profilecardme,srv03955,https://srv03955.soton.ac.uk:3000
httpexampleorgagent63profilecardme,srv03951,https://srv03951.soton.ac.uk:3000
httpexampleorgagent64profilecardme,srv03933,https://srv03933.soton.ac.uk:3000
httpexampleorgagent65profilecardme,srv03914,https://srv03914.soton.ac.uk:3000
httpexampleorgagent66profilecardme,srv03934,https://srv03934.soton.ac.uk:3000
httpexampleorgagent67profilecardme,srv03918,https://srv03918.soton.ac.uk:3000
httpexampleorgagent68profilecardme,srv03813,https://srv03813.soton.ac.uk:3000
httpexampleorgagent69profilecardme,srv03936,https://srv03936.soton.ac.uk:3000
httpexampleorgagent6profilecardme,srv03914,https://srv03914.soton.ac.uk:3000
httpexampleorgagent70profilecardme,srv03921,https://srv03921.soton.ac.uk:3000
httpexampleorgagent71profilecardme,srv03927,https://srv03927.soton.ac.uk:3000
httpexampleorgagent72profilecardme,srv03919,https://srv03919.soton.ac.uk:3000
httpexampleorgagent73profilecardme,srv03941,https://srv03941.soton.ac.uk:3000
httpexampleorgagent74profilecardme,srv03950,https://srv03950.soton.ac.uk:3000
httpexampleorgagent75profilecardme,srv03815,https://srv03815.soton.ac.uk:3000
httpexampleorgagent76profilecardme,srv03955,https://srv03955.soton.ac.uk:3000
httpexampleorgagent77profilecardme,srv03935,https://srv03935.soton.ac.uk:3000
httpexampleorgagent78profilecardme,srv03933,https://srv03933.soton.ac.uk:3000
httpexampleorgagent79profilecardme,srv03941,https://srv03941.soton.ac.uk:3000
httpexampleorgagent7profilecardme,srv03938,https://srv03938.soton.ac.uk:3000
httpexampleorgagent80profilecardme,srv03942,https://srv03942.soton.ac.uk:3000
httpexampleorgagent81profilecardme,srv03926,https://srv03926.soton.ac.uk:3000
httpexampleorgagent82profilecardme,srv03934,https://srv03934.soton.ac.uk:3000
httpexampleorgagent83profilecardme,srv03953,https://srv03953.soton.ac.uk:3000
httpexampleorgagent84profilecardme,srv03912,https://srv03912.soton.ac.uk:3000
httpexampleorgagent85profilecardme,srv03912,https://srv03912.soton.ac.uk:3000
httpexampleorgagent86profilecardme,srv03917,https://srv03917.soton.ac.uk:3000
httpexampleorgagent87profilecardme,srv03943,https://srv03943.soton.ac.uk:3000
httpexampleorgagent88profilecardme,srv03939,https://srv03939.soton.ac.uk:3000
httpexampleorgagent89profilecardme,srv03943,https://srv03943.soton.ac.uk:3000
httpexampleorgagent8profilecardme,srv03914,https://srv03914.soton.ac.uk:3000
httpexampleorgagent90profilecardme,srv03931,https://srv03931.soton.ac.uk:3000
httpexampleorgagent91profilecardme,srv03944,https://srv03944.soton.ac.uk:3000
httpexampleorgagent92profilecardme,srv03938,https://srv03938.soton.ac.uk:3000
httpexampleorgagent93profilecardme,srv03936,https://srv03936.soton.ac.uk:3000
httpexampleorgagent94profilecardme,srv03814,https://srv03814.soton.ac.uk:3000
httpexampleorgagent95profilecardme,srv03952,https://srv03952.soton.ac.uk:3000
httpexampleorgagent96profilecardme,srv03937,https://srv03937.soton.ac.uk:3000
httpexampleorgagent97profilecardme,srv03943,https://srv03943.soton.ac.uk:3000
httpexampleorgagent98profilecardme,srv03933,https://srv03933.soton.ac.uk:3000
httpexampleorgagent99profilecardme,srv03950,https://srv03950.soton.ac.uk:3000
httpexampleorgagent9profilecardme,srv03915,https://srv03915.soton.ac.uk:3000
httpexampleorgsagent0profilecardme,srv03913,https://srv03913.soton.ac.uk:3000
httpexampleorgsagent1profilecardme,srv03930,https://srv03930.soton.ac.uk:3000
httpexampleorgsagent2profilecardme,srv03929,https://srv03929.soton.ac.uk:3000
httpexampleorgsagent3profilecardme,srv03945,https://srv03945.soton.ac.uk:3000
openaccess,srv03813,https://srv03813.soton.ac.uk:3000
